N,pi_N,minimal_standard_total_degree_Fp,chosen_A_multilinear_degree,chosen_B_multilinear_degree,chosen_reduced_AL_degree,chosen_reduced_Bg_degree,chosen_lifted_full_degree,A_terms,B_terms,U_terms,H_terms
10,4,3,2,1,3,3,3,11,3,17,4
12,5,5,4,0,2,2,5,31,1,75,6
14,6,5,4,1,3,3,5,57,5,157,6
16,6,5,4,1,3,3,5,57,2,156,7
18,7,6,5,1,3,3,6,120,4,399,8
20,8,7,6,1,3,3,7,247,5,960,9
22,8,6,5,3,5,5,6,219,14,799,9
24,9,7,6,2,4,4,7,466,19,1971,10
26,9,7,6,3,5,5,7,466,22,1982,11
28,9,8,7,1,3,3,8,502,6,2223,13
30,10,8,7,2,4,4,8,968,23,4660,13
32,11,10,9,1,3,3,10,2036,8,11143,15
34,11,8,7,4,6,6,8,1816,43,9343,14
36,11,8,7,3,5,5,8,1808,104,9272,15
38,12,11,10,1,3,3,11,4083,11,24433,18
40,12,10,9,2,4,4,10,3837,34,22872,18
42,13,10,9,3,5,5,10,7814,170,49361,18
44,14,12,11,2,4,4,12,16278,49,113400,20
46,14,11,10,4,6,6,11,15914,175,109460,20
48,15,11,10,4,6,6,11,30827,751,223695,20
50,15,12,11,3,5,5,12,32192,256,238710,22
52,15,13,12,2,4,4,13,32647,58,244170,24
54,16,12,11,4,6,6,12,63019,1017,493232,23
56,16,14,13,2,4,4,14,65399,68,522352,26
58,16,13,12,4,6,6,13,64839,398,515202,26
60,17,12,11,5,7,7,12,121658,3032,996935,25
