N,prime_variables,minimal_standard_PC_degree_Fp,standard_static_NS_degree_Fp,explicit_derivation_lines,derivation_monomial_occurrences,maximum_line_monomials,preceding_degree_fixed_point_dimension,low_basis_products_checked
10,4,3,3,55,173,12,10,4
12,5,3,5,84,394,14,12,5
14,6,3,5,126,839,29,14,6
16,6,3,5,109,685,23,14,6
18,7,4,6,366,3269,50,92,112
20,8,4,7,564,8186,94,117,144
22,8,4,6,570,8171,97,117,144
24,9,4,7,805,18870,160,145,180
26,9,4,7,812,18763,192,145,180
28,9,5,8,1859,37331,210,630,1350
30,10,5,8,3027,110339,407,836,1760
