N,pi_N,minimal_standard_PC_degree_Q,multi_premise_trace_lines,canonical_binary_PC_lines,stored_trace_monomial_occurrences,stored_trace_max_line_monomials,maximum_numerator_bit_length,maximum_denominator_bit_length,preceding_degree,preceding_basis_dimension,preceding_allowed_products_checked,producer_elapsed_seconds,agrees_with_separate_Fp_degree
10,4,3,55,123,173,12,4,5,2,10,4,0.015,True
12,5,3,84,218,394,14,6,5,2,12,5,0.016,True
14,6,3,126,463,839,29,10,10,2,14,6,0.078,True
16,6,3,109,252,685,23,4,7,2,14,6,0.047,True
18,7,4,366,2216,3269,50,14,15,3,92,112,0.75,True
20,8,4,564,5060,8186,94,17,16,3,117,144,2.296,True
22,8,4,570,5870,8171,97,30,28,3,117,144,2.547,True
24,9,4,805,9069,18870,160,19,18,3,145,180,2.922,True
26,9,4,812,8096,18763,192,28,23,3,145,180,9.062,True
28,9,5,1859,31587,37331,210,35,27,4,630,1350,55.531,True
30,10,5,3027,90783,110339,407,47,38,4,836,1760,208.422,True
